Nome,Best_Resolution_transformed,Boost_Clock_values,Core_Speed_val,DVI_Connection_val,Dedicated_bin,DisplayPort_Connection_val,HDMI_Connection_val,Integrated_bin,L2_Cache_transf,Max_Power_val,Memory_val,Memory_Bandwidth_val,Memory_Bus_val,Memory_Speed_val,DDR,DDR2,DDR3,DDR4,GDDR2,GDDR3,GDDR4,GDDR5,GDDR5X,HBM-1,HBM-2,eDRAM,Notebook_GPU_val,PSU_watts,PSU_amps,Pixel_Rate_val,Power_Connector_val,Process_val,2048x1536,2560x1600,4096x2160,4096x2304,5120x2880,5120x3200,7680x4320,disposable,SLI_Crossfire_val,Shader_val,TMUs_val,Texture_Rate_val,VGA_Connection_val
M76XNVTL4M4ULZCFPEG95AHFECWN90T2JARFXG209YG,16,0,1040,2,1.0,0.0,1.0,0.0,23,580,23,0.0,13,1250,0,0,0,0,0,0,0,1,0,0,0,0,0,1000,67,133,7,28,0,0,1,0,0,0,0,0,1.0,5.0,176,366,0
7QUDV2P0AH29CTIFMANEW6YY56ZZMU0EEWQBTGL3V7Z8UQ,14,1190,1102,1,1.0,3.0,1.0,0.0,26,250,22,336.6,11,1753,0,0,0,0,0,0,0,1,0,0,0,0,0,600,42,114,7,28,0,0,0,0,0,1,0,0,1.0,5.0,176,209,0
ZXD50ONA8MZUHE1NY21ZUZ4BOFXZ9X0,12,0,1000,1,1.0,0.0,1.0,0.0,10,0,17,153.6,8,1200,0,0,0,0,0,0,0,1,0,0,0,0,0,500,0,32,1,28,0,0,1,0,0,0,0,0,1.0,5.0,80,80,0
AO86XNGN8L42G2Z,0,0,0,0,1.0,0.0,0.0,0.0,1,0,5,17.6,5,550,0,0,1,0,0,0,0,0,0,0,0,0,1,0,0,0,0,0,0,0,0,0,0,0,0,0,0.0,3.0,-1,-1,-1
HM3LPJ50FKGK45O,7,0,650,0,1.0,0.0,0.0,0.0,6,30,12,51.2,5,800,0,0,0,0,0,0,0,1,0,0,0,0,1,0,0,5,0,40,0,1,0,0,0,0,0,0,0.0,5.0,20,13,-1
LLPFIG75PRHDSTIZ93JN,7,0,0,1,1.0,0.0,1.0,0.0,1,61,8,0.0,5,1000,0,0,0,0,0,0,0,1,0,0,0,0,0,400,26,6,1,40,0,1,0,0,0,0,0,0,1.0,5.0,20,16,1
5ZP8HN52XN21R6NYG3EW2A19W4XROHON5XPBB,12,0,800,2,1.0,0.0,1.0,0.0,10,200,12,0.0,8,1250,0,0,0,0,0,0,0,1,0,0,0,0,0,500,30,26,5,40,0,1,0,0,0,0,0,0,1.0,5.0,88,70,0
TZBTSJUXSN12788ACH,6,0,672,0,1.0,0.0,0.0,0.0,6,35,17,28.8,5,900,0,0,1,0,0,0,0,0,0,0,0,0,1,0,0,3,0,40,0,1,0,0,0,0,0,0,0.0,5.0,16,11,-1
910GH6DPDS5MSG14,0,0,0,0,1.0,0.0,0.0,0.0,1,0,0,0.0,0,0,0,0,0,0,0,0,0,0,0,0,0,0,1,0,0,0,0,0,0,1,0,0,0,0,0,0,0.0,5.0,-1,-1,-1
LK57IHU4EZGMVJXT031F3ZWINP9,0,0,0,0,1.0,0.0,0.0,0.0,1,0,12,25.6,5,800,0,0,0,0,0,1,0,0,0,0,0,0,1,0,0,0,0,0,0,1,0,0,0,0,0,0,0.0,4.1,-1,-1,-1
B7F2QBOICV9QM3086RJ5FVFC3OANM9HINK7865FWUL4MTB,12,1100,1050,2,1.0,0.0,1.0,0.0,10,180,17,185.6,8,1450,0,0,0,0,0,0,0,1,0,0,0,0,0,500,0,35,1,28,0,0,1,0,0,0,0,0,1.0,5.0,80,88,0
DAHEO69PMYX4F,6,0,0,1,1.0,0.0,0.0,0.0,1,48,5,22.4,5,700,0,0,0,0,0,1,0,0,0,0,0,0,0,350,0,4,1,55,0,1,0,0,0,0,0,0,0.0,4.1,32,18,0
TT9Q1PKWHYVR39NLX7ND7QG8243CND,8,0,850,2,1.0,0.0,1.0,0.0,6,150,12,76.8,5,1200,0,0,0,0,0,0,0,1,0,0,0,0,0,450,30,14,2,40,0,1,0,0,0,0,0,0,1.0,5.0,40,34,0
VLM7NZ9XKE0DKGUXUURNANZYPSIL7I7SEBN,6,0,750,2,1.0,0.0,1.0,0.0,1,59,12,27.9,5,873,0,0,0,0,0,1,0,0,0,0,0,0,0,400,29,6,1,55,0,1,0,0,0,0,0,0,1.0,4.1,32,24,0
OG6PUMUXLPOKZZNKW0ZCBTKMORK9QH7MZ7F4OBZY6,11,0,820,2,1.0,0.0,1.0,0.0,10,0,12,134.4,8,1050,0,0,0,0,0,0,0,1,0,0,0,0,0,0,0,26,1,40,0,1,0,0,0,0,0,0,1.0,5.0,48,39,0
C6X8FS5QIR2E9BLN4ZK7E6LU21J67Q33C30GBSX,13,0,1030,2,1.0,0.0,1.0,0.0,15,250,20,0.0,13,1250,0,0,0,0,0,0,0,1,0,0,0,0,0,750,42,66,7,28,0,0,1,0,0,0,0,0,1.0,5.0,176,181,0
8LGIULBTWOGNLNS7LN6DCX61P4LVKB7FMIDNQM,12,1163,1111,2,1.0,0.0,1.0,0.0,10,250,17,0.0,8,1703,0,0,0,0,0,0,0,1,0,0,0,0,0,600,42,37,1,28,0,0,1,0,0,0,0,0,1.0,5.0,128,149,0
JHVSFJY9POOK,0,0,0,0,1.0,0.0,0.0,0.0,1,0,5,6.4,2,400,0,1,0,0,0,0,0,0,0,0,0,0,0,300,0,0,1,0,1,0,0,0,0,0,0,0,0.0,3.0,-1,-1,-1
7XPXN3O4QQY3C3X882STEZH4GH,8,0,1084,2,1.0,0.0,1.0,0.0,6,0,12,0.0,5,1250,0,0,0,0,0,0,0,1,0,0,0,0,0,0,0,17,1,28,0,0,1,0,0,0,0,0,0.0,5.0,32,35,0
52CYUSBDZRCJOQYT28R1GRXDQ0VJSD6T47QTL3,0,0,0,0,0.0,0.0,0.0,1.0,1,0,0,8.5,2,533,0,0,1,0,0,0,0,0,0,0,0,0,0,0,0,0,1,0,0,0,0,0,0,0,0,0,0.0,3.0,-1,-1,1
2I2XYIRB30E6BET,0,0,0,0,1.0,0.0,0.0,0.0,1,23,12,25.6,5,800,0,0,0,0,0,1,0,0,0,0,0,0,1,0,0,0,0,55,0,1,0,0,0,0,0,0,1.0,4.0,-1,-1,-1
WEJZ9BW0O30N0G,0,0,0,2,1.0,0.0,0.0,0.0,1,65,5,0.0,8,625,0,0,0,0,0,1,0,0,0,0,0,0,0,350,0,0,1,0,0,1,0,0,0,0,0,0,0.0,3.0,-1,-1,-1
W1ODSPERT3RF1DGXD28NWUWWZSXDXO41PM,8,1275,1175,0,1.0,1.0,1.0,0.0,15,75,17,0.0,5,1750,0,0,0,0,0,0,0,1,0,0,0,0,0,450,0,20,1,14,0,0,0,0,1,0,0,0,0.0,0.0,64,82,0
GFH8POFP008DWB0RL,12,1266,1120,0,1.0,3.0,1.0,0.0,22,120,20,0.0,8,1750,0,0,0,0,0,0,0,1,0,0,0,0,0,450,30,41,2,14,0,0,1,0,0,0,0,0,1.0,5.0,144,182,0
PHUD6M4QVXTLEF3,0,0,0,0,1.0,0.0,0.0,0.0,1,70,12,51.2,8,800,0,0,0,0,0,1,0,0,0,0,0,0,1,0,0,0,0,65,0,1,0,0,0,0,0,0,0.0,4.0,-1,-1,-1
H8H9234LE4JNCKI3NJRKBJ0O9RPGXEEAFJYU9SG4SLHEA,12,1020,870,1,1.0,0.0,1.0,0.0,13,250,19,0.0,11,1500,0,0,0,0,0,0,0,1,0,0,0,0,0,0,0,33,1,28,0,0,1,0,0,0,0,0,1.0,5.0,128,131,0
ZIIK80MA3I6,0,0,0,0,0.0,0.0,0.0,1.0,1,65,0,10.7,2,667,0,0,1,0,0,0,0,0,0,0,0,0,0,0,0,0,1,0,0,0,0,0,0,0,0,0,0.0,4.1,-1,-1,-1
96GQH7LXECL6Y2U6T41BGBHOARV1B8X,8,0,1000,1,1.0,0.0,1.0,0.0,10,80,12,0.0,5,1125,0,0,0,0,0,0,0,1,0,0,0,0,0,500,20,16,1,28,0,0,1,0,0,0,0,0,1.0,5.0,40,40,0
00OD0TU1O63DL8O06NMJP,0,0,0,1,1.0,0.0,0.0,0.0,1,23,5,6.4,2,400,0,1,0,0,0,0,0,0,0,0,0,0,0,300,15,0,1,0,0,1,0,0,0,0,0,0,0.0,3.0,-1,-1,1
E4Y50JB8MGII8W,3,0,0,1,1.0,0.0,0.0,0.0,1,60,5,23.4,8,730,1,0,0,0,0,0,0,0,0,0,0,0,0,400,20,3,1,150,1,0,0,0,0,0,0,0,0.0,2.0,8,3,1
GQV2UXRWJ3WGZ5,0,0,0,0,1.0,0.0,0.0,0.0,1,14,8,11.2,2,700,0,0,0,0,0,1,0,0,0,0,0,0,1,0,0,0,0,0,0,1,0,0,0,0,0,0,0.0,4.0,-1,-1,-1
IROSKPCN0DKXD37S0ZH,6,0,600,2,1.0,0.0,0.0,0.0,1,105,12,57.6,8,900,0,0,0,0,0,1,0,0,0,0,0,0,0,400,27,10,2,65,0,1,0,0,0,0,0,0,1.0,4.0,56,34,0
HTRWFGNEEO3YX5OZWY,4,0,600,1,1.0,0.0,1.0,0.0,1,48,12,22.4,5,700,0,1,0,0,0,0,0,0,0,0,0,0,0,400,29,5,1,55,0,1,0,0,0,0,0,0,1.0,4.1,32,19,1
LK2F1JUI7Y6XKJ0NCRKCN96T5,0,0,0,0,0.0,0.0,0.0,1.0,1,0,0,0.0,0,0,0,0,0,0,0,0,0,0,0,0,0,0,1,0,0,0,0,0,0,1,0,0,0,0,0,0,0.0,3.0,-1,-1,-1
5SOTB7K8UI,0,0,0,0,0.0,0.0,0.0,1.0,1,13,0,0.0,2,0,1,0,0,0,0,0,0,0,0,0,0,0,0,0,0,0,1,0,0,0,0,0,0,0,0,1,0.0,0.0,-1,-1,1
FJHQWIEXIDII4LM,0,0,0,0,1.0,0.0,0.0,0.0,1,0,2,2.9,5,183,1,0,0,0,0,0,0,0,0,0,0,0,0,0,0,0,1,0,0,0,0,0,0,0,0,0,0.0,0.0,-1,-1,0
JJK3LIE939,0,0,0,0,0.0,0.0,0.0,1.0,1,65,0,10.7,2,667,0,0,1,0,0,0,0,0,0,0,0,0,0,0,0,0,1,0,0,1,0,0,0,0,0,0,0.0,4.1,-1,-1,1
ZQFGPR0MQRN5PA0KAUE50WYV3UX8AWSSUCS,12,0,975,2,1.0,0.0,1.0,0.0,10,0,17,0.0,8,1250,0,0,0,0,0,0,0,1,0,0,0,0,0,500,0,31,1,28,0,0,1,0,0,0,0,0,1.0,5.0,64,62,0
OTBXCBEION42YP1DV5IGWODS1TCHZMH2X7BJXK0SJKNJMT,6,0,902,1,1.0,0.0,1.0,0.0,5,38,17,0.0,2,1250,0,0,0,0,0,0,0,1,0,0,0,0,0,300,22,7,1,28,0,0,1,0,0,0,0,0,0.0,5.0,16,14,1
B9UD39HO8H9PT,0,0,0,0,0.0,0.0,0.0,1.0,1,20,0,14.4,2,900,0,0,1,0,0,0,0,0,0,0,0,0,1,0,0,0,0,0,0,0,0,0,0,0,0,0,0.0,5.0,-1,-1,-1
2ZZTVRN2EBMAL3SP,0,0,0,1,1.0,0.0,0.0,0.0,1,24,4,1.6,2,200,1,0,0,0,0,0,0,0,0,0,0,0,0,0,0,0,1,0,0,0,0,0,0,0,0,0,0.0,2.0,-1,-1,1
WZK7MAECB3QL2IG7LWPKT4TOHU,12,0,880,2,1.0,0.0,1.0,0.0,10,250,17,0.0,8,1375,0,0,0,0,0,0,0,1,0,0,0,0,0,550,34,28,1,40,0,1,0,0,0,0,0,0,1.0,5.0,96,84,0
HROP3ZUGVTTVVR5VVLNJMHID7I6Z378VS,0,0,1250,1,0.0,3.0,1.0,0.0,22,150,0,0.0,0,1750,0,0,0,0,0,0,0,0,0,0,0,0,0,500,33,80,4,14,0,0,1,0,0,0,0,0,1.0,0.0,128,160,0
N7ZDKZJSDTU7F5E5B6XRRGCCC47I5,12,0,0,0,1.0,0.0,0.0,0.0,1,50,17,0.0,5,1000,0,0,0,0,0,0,0,1,0,0,0,0,1,0,0,0,0,28,0,0,1,0,0,0,0,0,1.0,5.0,40,-1,-1
YKT35RKJZ,0,0,0,0,0.0,0.0,0.0,1.0,1,73,0,10.7,2,667,0,0,1,0,0,0,0,0,0,0,0,0,0,0,0,0,1,0,0,0,0,0,0,0,0,0,0.0,4.0,-1,-1,-1
18K9TU8FWWYRPZO,0,0,0,1,1.0,0.0,0.0,0.0,1,0,5,3.2,5,200,1,0,0,0,0,0,0,0,0,0,0,0,0,0,0,0,1,0,0,1,0,0,0,0,0,0,1.0,3.0,-1,-1,1
VNUTKDA8BRWVIF,2,0,0,0,0.0,0.0,0.0,1.0,1,13,0,8.5,2,533,0,0,1,0,0,0,0,0,0,0,0,0,1,0,0,0,0,0,0,0,0,0,0,0,0,0,0.0,4.1,-1,-1,-1
5I8MPLLIZYGTT1,6,0,847,0,0.0,0.0,0.0,1.0,22,15,0,29.9,5,933,0,0,1,0,0,0,0,0,0,0,0,0,1,0,0,3,0,28,0,0,0,1,0,0,0,0,0.0,5.0,8,7,-1
NZJC0IZGMZREIC,8,0,650,1,1.0,0.0,1.0,0.0,6,60,12,0.0,5,1000,0,0,0,0,0,0,0,1,0,0,0,0,0,400,27,5,1,40,0,1,0,0,0,0,0,0,1.0,5.0,24,16,1
PHRCSM84QSZOATC,6,844,760,0,1.0,0.0,0.0,0.0,6,65,0,34.1,5,1067,0,0,1,0,0,0,0,0,0,0,0,0,0,450,0,7,1,40,0,1,0,0,0,0,0,0,1.0,5.0,24,20,0
JHTT3AT45YOUBZ7JK0ZKHJ9XS7,0,0,0,0,1.0,0.0,0.0,0.0,1,110,12,108.8,8,1700,0,0,0,0,0,1,0,0,0,0,0,0,1,0,0,0,0,0,0,1,0,0,0,0,0,0,0.0,4.1,-1,-1,-1
UCASYQFZ7RDWURQ,12,0,715,0,1.0,0.0,0.0,0.0,10,100,17,115.2,8,900,0,0,0,0,0,0,0,1,0,0,0,0,1,0,0,23,0,40,0,1,0,0,0,0,0,0,1.0,5.0,56,40,-1
EZ9NALKOQ72NMLA,0,0,0,2,1.0,0.0,0.0,0.0,1,0,4,5.2,5,325,1,0,0,0,0,0,0,0,0,0,0,0,0,0,0,1,1,150,0,0,0,0,0,0,0,0,0.0,1.3,8,2,0
IT3B6WMLM13XPSHCLQJLQIBGOD88FO1Y01MG4EFM81UZVB2TN3ZS3JBR1D,8,1242,1163,2,1.0,0.0,2.0,0.0,22,60,17,86.4,5,1350,0,0,0,0,0,0,0,1,0,0,0,0,0,400,20,20,1,28,0,0,1,0,0,0,0,0,0.0,5.0,40,50,0
PCE1QYXXIE7ULBRPR84PL,6,1050,350,0,1.0,0.0,0.0,0.0,15,15,0,34.1,5,1066,0,0,0,1,0,0,0,0,0,0,0,0,0,0,0,3,1,14,0,0,0,0,0,0,0,0,0.0,5.0,24,25,0
2IHKSYUOLSIZ97W1484TEVST65YWH1OR0Q8NJQELKQZ1CML6DVB3,17,0,1050,2,1.0,0.0,1.0,0.0,23,600,23,691.2,13,1350,0,0,0,0,0,0,0,1,0,0,0,0,0,1000,42,134,1,28,0,0,1,0,0,0,0,0,1.0,5.0,176,370,0
YBGUHC1BK04415XACKCEDQ690MDU8B02MWFQO,7,0,640,1,1.0,0.0,1.0,0.0,1,110,8,60.2,8,940,0,0,0,0,0,1,0,0,0,0,0,0,0,450,0,10,1,55,0,1,0,0,0,0,0,0,1.0,4.1,40,26,1
VBTH1S9XFIXZY,0,0,0,2,1.0,0.0,0.0,0.0,1,138,17,0.0,8,1000,0,0,0,0,0,0,0,1,0,0,0,0,0,0,0,0,1,0,0,1,0,0,0,0,0,0,1.0,5.0,-1,-1,0
5SSW5H542CEE7RD,0,0,0,2,1.0,0.0,0.0,0.0,1,70,5,0.0,8,500,0,0,0,0,0,0,0,1,0,0,0,0,0,0,0,0,1,0,0,0,0,0,0,0,0,0,1.0,3.0,-1,-1,0
H9DP08SQFY1LWMAKTZJWW,0,0,0,0,1.0,0.0,0.0,0.0,1,4,3,1.3,2,166,1,0,0,0,0,0,0,0,0,0,0,0,0,0,0,0,1,0,0,0,0,0,0,0,0,0,0.0,0.0,-1,-1,2
EU7I55Q82Y3X6G40AWU4TE,0,0,0,0,0.0,0.0,0.0,1.0,1,0,0,17.1,5,533,0,0,1,0,0,0,0,0,0,0,0,0,0,0,0,0,1,0,0,0,0,0,0,0,0,0,0.0,4.1,-1,-1,0
C2XKBB9V4D89C5GI1MS2EENR1I,0,0,0,0,1.0,0.0,0.0,0.0,1,0,8,12.2,5,380,0,1,0,0,0,0,0,0,0,0,0,0,1,0,0,0,0,0,0,1,0,0,0,0,0,0,0.0,3.0,-1,-1,-1
XA6N5AF564QAXV32AMTOJO5,7,0,650,0,1.0,0.0,0.0,0.0,6,30,12,51.2,5,800,0,0,0,0,0,0,0,1,0,0,0,0,1,0,0,5,0,40,0,1,0,0,0,0,0,0,0.0,5.0,20,13,-1
LBFF1OK3ARQJW7L1,0,0,550,0,1.0,0.0,0.0,0.0,1,38,12,57.6,5,900,0,0,0,0,0,0,0,1,0,0,0,0,1,0,0,4,0,40,0,1,0,0,0,0,0,0,1.0,4.0,32,18,-1
M1J2SG61J7IHKNKID9,0,0,0,0,1.0,0.0,0.0,0.0,1,0,4,6.4,5,400,1,0,0,0,0,0,0,0,0,0,0,0,0,0,0,0,1,0,1,0,0,0,0,0,0,0,0.0,2.0,-1,-1,-1
91Z1E4L25ISLB9K,0,0,0,0,1.0,0.0,0.0,0.0,1,10,5,11.2,2,700,0,0,0,0,0,1,0,0,0,0,0,0,1,0,0,0,0,0,0,0,0,0,0,0,0,1,0.0,4.0,-1,-1,-1
Z8ZBEH2WTR5EIMH,0,0,0,2,1.0,0.0,0.0,0.0,1,0,3,3.2,5,200,1,0,0,0,0,0,0,0,0,0,0,0,0,0,0,1,1,150,0,0,0,0,0,0,0,0,0.0,1.3,4,1,0
OSY55R7YBMV5OZOG3VFKLOA512IO8F,3,1150,650,0,0.0,0.0,0.0,1.0,15,77,0,25.6,5,800,0,0,1,0,0,0,0,0,0,0,0,0,0,300,22,5,1,22,0,1,0,0,0,0,0,0,0.0,5.0,4,5,0
U74YU87PDXBLKSQ057X9104T,12,0,0,2,1.0,0.0,1.0,0.0,2,294,20,0.0,8,1000,0,0,0,0,0,0,0,1,0,0,0,0,0,650,50,46,1,40,0,1,0,0,0,0,0,0,1.0,5.0,80,116,0
IGLNSDJV78V2IH1B,0,0,0,0,1.0,0.0,0.0,0.0,1,0,3,0.0,2,250,1,0,0,0,0,0,0,0,0,0,0,0,0,0,0,0,1,0,0,0,0,0,0,0,0,0,0.0,3.0,-1,-1,1
Q2FSAF1QIJQAR77Q6CWQXOO6ON2T2I,13,876,837,2,1.0,0.0,1.0,0.0,19,250,22,288.4,11,1502,0,0,0,0,0,0,0,1,0,0,0,0,0,600,42,42,1,28,0,0,1,0,0,0,0,0,1.0,5.0,224,196,0
V3636SQ0UN4L,0,0,0,0,1.0,0.0,0.0,0.0,1,45,17,28.8,5,900,0,0,1,0,0,0,0,0,0,0,0,0,1,0,0,0,0,40,0,0,0,0,0,0,0,0,0.0,5.0,-1,-1,-1
ED6Y13P5ILKVQYN86MS0KOS,0,0,0,0,1.0,0.0,0.0,0.0,1,0,0,6.4,2,400,0,1,0,0,0,0,0,0,0,0,0,0,0,0,0,1,1,90,0,0,0,0,0,0,0,0,0.0,3.0,4,2,0
F25RVVGIBII1H1C7,0,0,0,0,1.0,0.0,0.0,0.0,1,0,4,4.4,5,275,1,0,0,0,0,0,0,0,0,0,0,0,0,0,0,0,1,0,0,0,0,0,0,0,0,0,0.0,1.3,-1,-1,0
RJESEJA1AVGML9OPDYPJ4X7KQVGS84VEC8RIRGA,8,0,1120,2,1.0,0.0,1.0,0.0,10,0,12,73.6,5,1150,0,0,0,0,0,0,0,1,0,0,0,0,0,0,0,18,1,28,0,0,1,0,0,0,0,0,1.0,5.0,40,45,0
9JRDXLVSOLB00F7,0,0,0,0,0.0,0.0,0.0,1.0,1,0,0,0.0,2,0,1,0,0,0,0,0,0,0,0,0,0,0,1,0,0,0,0,0,0,0,0,0,0,0,0,0,0.0,0.0,-1,-1,-1
X3G2VKULKYJOPGTCANX,0,0,0,2,1.0,0.0,0.0,0.0,1,0,5,0.0,8,1000,0,0,0,0,0,1,0,0,0,0,0,0,0,520,25,0,1,0,0,1,0,0,0,0,0,0,1.0,3.0,-1,-1,0
VCVNB3HGWJGUOU,8,0,0,2,1.0,0.0,0.0,0.0,1,150,8,115.2,8,900,0,0,0,0,0,0,0,1,0,0,0,0,0,500,32,12,1,55,0,1,0,0,0,0,0,0,1.0,4.1,40,30,0
JWEUCSOLEG6896W3XNL5QGSDNHXE66FGQ8M,0,0,0,0,1.0,0.0,0.0,0.0,1,27,5,25.6,5,800,0,1,0,0,0,0,0,0,0,0,0,0,0,350,17,0,1,0,1,0,0,0,0,0,0,0,1.0,3.0,-1,-1,1
8YX63H1LUJ1PIR6INPKXCG827NIRW1H,0,0,0,0,1.0,0.0,0.0,0.0,1,0,0,25.6,5,800,0,0,1,0,0,0,0,0,0,0,0,0,1,0,0,0,0,0,0,1,0,0,0,0,0,0,0.0,5.0,-1,-1,-1
U8LRJNR9T03XP79,0,0,0,2,1.0,0.0,0.0,0.0,1,0,4,4.4,5,275,1,0,0,0,0,0,0,0,0,0,0,0,0,0,0,1,2,150,0,0,0,0,0,0,0,0,0.0,1.3,8,2,0
Q0Q169K771PATU0SA,0,0,0,0,1.0,0.0,0.0,0.0,1,4,3,2.7,5,166,1,0,0,0,0,0,0,0,0,0,0,0,0,0,0,0,1,0,0,0,0,0,0,0,0,0,0.0,0.0,-1,-1,2
T5CBZ7ID6M7Y7SN4UGKGU48HCMI8DCUF708B67,12,0,765,2,1.0,0.0,0.0,0.0,10,151,12,0.0,8,1000,0,0,0,0,0,0,0,1,0,0,0,0,0,500,40,24,5,40,0,1,0,0,0,0,0,0,1.0,5.0,72,55,0
4NHD81GK2DDK5TQCFXZZYMJ5F0110CZNA7SADZDT5FNQTDY1SUYSD09,8,0,700,1,1.0,0.0,1.0,0.0,6,86,12,73.6,5,1150,0,0,0,0,0,0,0,1,0,0,0,0,0,450,30,11,2,40,0,1,0,0,0,0,0,0,1.0,5.0,36,25,1
PD1DF9JZALFK,0,0,0,2,1.0,0.0,0.0,0.0,1,0,4,6.4,2,400,0,1,0,0,0,0,0,0,0,0,0,0,0,300,0,0,1,0,1,0,0,0,0,0,0,0,0.0,3.0,-1,-1,2
BL7DXD3MXOCP9FK0F4IO54PQ8CWRV7,3,0,0,0,0.0,0.0,0.0,1.0,1,0,0,12.8,2,800,0,0,1,0,0,0,0,0,0,0,0,0,0,0,0,1,1,22,0,0,0,0,0,0,0,0,0.0,5.0,1,1,0
UQ41CTHZTXMUVIOXR9VCZO433V2ELJIUBK7WKMJKUBY,14,0,1100,2,1.0,1.0,1.0,0.0,15,275,23,390.4,13,1525,0,0,0,0,0,0,0,1,0,0,0,0,0,750,50,70,3,28,0,0,1,0,0,0,0,0,1.0,5.0,176,194,0
FEN33EK9G1KA9F1WD8752ZRH9,6,1200,200,0,0.0,0.0,0.0,1.0,10,28,0,25.6,5,800,0,0,1,0,0,0,0,0,0,0,0,0,1,0,0,5,0,22,0,1,0,0,0,0,0,0,0.0,5.0,8,10,-1
FROJ5O14UU8RMYK,0,0,0,1,1.0,0.0,0.0,0.0,1,0,5,0.0,5,250,1,0,0,0,0,0,0,0,0,0,0,0,0,0,0,0,1,0,1,0,0,0,0,0,0,0,0.0,2.0,-1,-1,1
Z5BLZGYCV7OZAUZ7ZWD5VMDKOR1M63BGAIW1OXP643C6,8,0,625,2,1.0,0.0,0.0,0.0,1,171,11,123.2,12,1100,0,0,0,0,0,1,0,0,0,0,0,0,0,550,40,18,5,55,0,1,0,0,0,0,0,0,1.0,4.0,72,45,0
LVZ0RHBFA11KNLE,3,0,800,0,1.0,0.0,0.0,0.0,5,11,12,12.8,2,800,0,0,1,0,0,0,0,0,0,0,0,0,1,0,0,3,0,40,0,1,0,0,0,0,0,0,0.0,5.0,8,6,-1
30SETM3AD7674ZR0TSQJZ08OG2EUVPBUT98R4,3,896,0,0,0.0,0.0,0.0,1.0,22,10,0,21.3,5,667,0,0,1,0,0,0,0,0,0,0,0,0,0,0,0,1,1,22,0,1,0,0,0,0,0,0,0.0,5.0,1,1,0
PH2GDAZ2LE0V04V,0,0,0,0,1.0,0.0,0.0,0.0,1,10,8,0.0,2,0,1,0,0,0,0,0,0,0,0,0,0,0,1,0,0,0,0,0,0,0,0,0,0,0,0,0,0.0,3.0,-1,-1,-1
EZ87HOS50PFXPY,8,0,810,1,1.0,0.0,1.0,0.0,6,65,8,51.2,5,800,0,0,0,0,0,0,0,1,0,0,0,0,0,300,20,3,1,40,0,1,0,0,0,0,0,0,0.0,5.0,16,13,1
E6J2J4YKSCW9WB79F1EHT5L6UP7ZS9TU7RV8BJHCR11IR3,14,1911,1771,1,1.0,3.0,1.0,0.0,22,250,23,345.6,8,1350,0,0,0,0,0,0,0,0,1,0,0,0,0,500,33,122,7,16,0,0,0,0,0,0,1,0,1.0,5.0,160,306,0
PD8RAM1J9QPGGIV,0,0,0,0,1.0,0.0,0.0,0.0,1,0,2,0.0,1,200,1,0,0,0,0,0,0,0,0,0,0,0,1,0,0,0,0,0,0,0,0,0,0,0,0,0,0.0,0.0,-1,-1,-1
RRGFMP07KABNCG2Y4XRO9X,7,0,513,2,1.0,0.0,0.0,0.0,1,143,9,63.4,9,792,0,0,0,0,0,1,0,0,0,0,0,0,0,400,26,10,1,90,0,1,0,0,0,0,0,0,1.0,4.0,24,12,0
WTNS51BY5L9CIV,0,0,0,0,1.0,0.0,0.0,0.0,1,0,3,3.7,5,230,1,0,0,0,0,0,0,0,0,0,0,0,0,0,0,0,1,0,0,0,0,0,0,0,0,0,0.0,0.0,-1,-1,0
Q4PZNJ6PRJJ3U721GW4WFM8L9WVN26R48BZ0W331F,14,1860,1657,1,1.0,3.0,1.0,0.0,22,150,23,256.3,8,2002,0,0,0,0,0,0,0,1,0,0,0,0,0,500,33,119,7,16,0,0,0,0,0,0,1,0,0.0,5.0,120,223,0
RJ46VIYN42EGYBE15CQTRU,0,0,0,0,0.0,0.0,0.0,1.0,1,0,0,17.1,5,533,0,0,1,0,0,0,0,0,0,0,0,0,0,0,0,0,1,0,0,0,0,0,0,0,0,0,0.0,4.1,-1,-1,0
6M9ZD0ONNKI,3,1350,850,0,0.0,0.0,0.0,1.0,15,95,0,21.3,5,667,0,0,1,0,0,0,0,0,0,0,0,0,0,300,22,1,1,32,0,1,0,0,0,0,0,0,0.0,4.1,1,1,0
J1D5J8SWCND7HM5,6,836,0,0,0.0,0.0,0.0,1.0,1,95,0,34.1,5,1067,0,0,1,0,0,0,0,0,0,0,0,0,0,0,0,7,1,28,0,0,1,0,0,0,0,0,0.0,5.0,24,20,0
5CT4WBRRDG0SYE8,4,0,0,0,1.0,0.0,0.0,0.0,1,14,12,25.3,5,790,0,0,1,0,0,0,0,0,0,0,0,0,1,0,0,4,0,40,0,1,0,0,0,0,0,0,0.0,4.1,8,4,-1
0MVADUH4I1FNW3MR,0,0,0,2,1.0,0.0,0.0,0.0,1,81,8,42.2,8,660,0,0,0,0,0,1,0,0,0,0,0,0,0,400,26,0,1,0,0,1,0,0,0,0,0,0,0.0,3.0,-1,-1,0
U69PZM364VIJJ4,2,0,0,0,0.0,0.0,0.0,1.0,1,9,0,25.6,5,800,0,0,1,0,0,0,0,0,0,0,0,0,1,0,0,2,0,40,0,1,0,0,0,0,0,0,0.0,5.0,8,3,-1
8NSQMSSMWU,0,0,0,0,0.0,0.0,0.0,1.0,1,0,0,0.0,2,125,0,0,0,0,0,0,0,0,0,0,0,0,0,0,0,0,1,0,0,0,0,0,0,0,0,1,0.0,0.0,-1,-1,1
A3GS6XO2OR7SORABI6GRBL11EEIHQ07GP3HG,16,1582,1480,2,1.0,3.0,1.0,0.0,28,220,25,484.4,3,1376,0,0,0,0,0,0,0,0,1,0,0,0,0,600,42,139,3,16,0,0,0,0,0,0,1,0,1.0,5.0,56,354,0
8ZTQQRX4DISWL21,0,0,0,0,1.0,0.0,0.0,0.0,1,10,5,9.6,2,600,0,0,0,0,0,1,0,0,0,0,0,0,1,0,0,0,0,80,0,1,0,0,0,0,0,0,0.0,4.0,-1,-1,-1
J624686S02VLWE,0,0,0,1,1.0,0.0,1.0,0.0,1,43,12,25.3,5,790,0,0,0,0,0,1,0,0,0,0,0,0,0,300,20,4,1,40,0,1,0,0,0,0,0,0,1.0,4.1,24,13,1
C79UKBVBY7EYT4Y,0,0,0,2,1.0,0.0,0.0,0.0,1,0,4,3.6,5,225,1,0,0,0,0,0,0,0,0,0,0,0,0,0,0,1,1,150,0,0,0,0,0,0,0,0,0.0,1.3,8,2,0
BF9SCT37RNXK91UNF,14,1733,1556,0,1.0,0.0,0.0,0.0,22,180,23,320.3,8,1251,0,0,0,0,0,0,0,0,1,0,0,0,1,0,0,111,0,16,0,0,0,0,0,0,1,0,0.0,5.0,160,277,-1
GAQHKEDPS85ONGN,0,0,0,0,1.0,0.0,0.0,0.0,1,65,8,51.2,8,800,0,0,0,0,0,1,0,0,0,0,0,0,1,0,0,0,0,0,0,1,0,0,0,0,0,0,0.0,4.0,-1,-1,-1
4OMRWFXW8SH3BF,2,0,0,1,1.0,0.0,1.0,0.0,1,25,5,0.0,2,500,0,1,0,0,0,0,0,0,0,0,0,0,0,550,20,2,1,55,0,1,0,0,0,0,0,0,0.0,4.1,4,2,1
4QN69OQNU8T63P2OG89LUE5L3QUBR3MF6R30T,3,0,625,1,1.0,0.0,1.0,0.0,5,19,12,9.6,2,600,0,0,1,0,0,0,0,0,0,0,0,0,0,400,25,3,1,40,0,1,0,0,0,0,0,0,0.0,5.0,8,5,1
A8O9UNC6VQF8ZLU6U0,11,0,775,2,1.0,0.0,1.0,0.0,10,0,12,0.0,8,1000,0,0,0,0,0,0,0,1,0,0,0,0,0,500,0,25,1,40,0,1,0,0,0,0,0,0,1.0,5.0,48,37,0
URAMGYIO7A3LDCXRXU8UDFD0L9R5MQ03YONIB,8,0,840,1,1.0,0.0,1.0,0.0,10,0,12,134.4,8,1050,0,0,0,0,0,0,0,1,0,0,0,0,0,500,0,13,1,40,0,1,0,0,0,0,0,0,1.0,5.0,40,34,0
PV5RDCDXLM87XKT7XEWW4I6HTD2VDXP34,6,0,800,1,1.0,0.0,1.0,0.0,6,66,17,21.3,5,667,0,0,1,0,0,0,0,0,0,0,0,0,0,400,27,6,1,40,0,1,0,0,0,0,0,0,1.0,5.0,24,19,1
71GURDXJCBT1YINQL976C22SXXXBLSU7AROUI2CKE7L,14,0,1050,2,1.0,0.0,1.0,0.0,15,275,23,0.0,13,1500,0,0,0,0,0,0,0,1,0,0,0,0,0,600,42,67,3,28,0,0,1,0,0,0,0,0,1.0,5.0,176,185,0
YP67BIM2169WCDL,0,0,0,1,1.0,0.0,0.0,0.0,1,42,8,25.6,5,800,0,0,0,0,0,1,0,0,0,0,0,0,0,350,18,0,1,0,1,0,0,0,0,0,0,0,1.0,3.0,-1,-1,1
MTE69TJHO,0,0,0,0,1.0,0.0,0.0,0.0,1,0,2,2.4,5,150,1,0,0,0,0,0,0,0,0,0,0,0,0,0,0,0,1,0,0,0,0,0,0,0,0,0,0.0,0.0,-1,-1,0
5LX2IJY6L5,0,0,0,0,0.0,0.0,0.0,1.0,1,95,0,10.7,2,667,0,0,1,0,0,0,0,0,0,0,0,0,0,0,0,0,1,0,0,0,0,0,0,0,0,0,0.0,0.0,-1,-1,-1
FFRCS4SQT71PJ,0,0,0,0,1.0,0.0,0.0,0.0,1,0,12,0.0,5,1000,0,0,0,0,0,0,0,1,0,0,0,0,1,0,0,0,0,0,0,0,0,0,0,0,0,0,0.0,5.0,-1,-1,-1
B4XFQELAH231XH,2,0,0,0,0.0,0.0,0.0,1.0,1,0,0,8.5,2,533,0,0,1,0,0,0,0,0,0,0,0,0,1,0,0,0,0,0,0,0,0,0,0,0,0,0,0.0,3.0,-1,-1,-1
FZU5JGDSVJ8BT4O,0,0,0,2,1.0,0.0,0.0,0.0,1,96,8,57.6,8,900,0,0,0,0,0,1,0,0,0,0,0,0,0,0,0,0,1,0,0,0,0,0,0,0,0,0,1.0,3.0,-1,-1,0
KS03ZL5W5ER5DZKZ2ZKCBBENDURTOAI11LB2T2O2,6,0,750,1,1.0,0.0,0.0,0.0,5,18,8,25.6,2,800,0,0,0,0,0,0,0,1,0,0,0,0,0,300,22,3,1,40,0,1,0,0,0,0,0,0,0.0,5.0,8,6,1
H2LH2YXN43RF7FUTLA9Q7WAUU3Y3JAFNAHB12,8,1137,1058,2,1.0,0.0,1.0,0.0,22,60,17,86.4,5,1350,0,0,0,0,0,0,0,1,0,0,0,0,0,400,20,18,1,28,0,0,1,0,0,0,0,0,0.0,5.0,40,45,1
1CPR9XGCI1B8Q8FK3O,6,0,0,2,1.0,0.0,0.0,0.0,1,200,8,51.2,8,800,0,0,0,0,0,1,0,0,0,0,0,0,0,550,35,10,1,80,0,1,0,0,0,0,0,0,1.0,4.0,16,10,0
8EAHP6400RTDJJ,0,0,0,2,1.0,0.0,0.0,0.0,1,101,5,28.8,8,450,0,0,0,0,0,1,0,0,0,0,0,0,0,350,0,0,1,0,0,1,0,0,0,0,0,0,0.0,3.0,-1,-1,-1
39SA8EVKCGF9ZCMQC,0,0,0,0,1.0,0.0,0.0,0.0,1,60,8,51.2,8,800,0,0,0,0,0,1,0,0,0,0,0,0,1,0,0,0,0,0,0,1,0,0,0,0,0,0,0.0,4.0,-1,-1,-1
J37MC6U2II4XLWXNJN3PEM2DM9WHLTVJQ5PHGOYE,12,0,985,2,1.0,0.0,1.0,0.0,13,225,20,185.6,8,1450,0,0,0,0,0,0,0,1,0,0,0,0,0,500,33,32,5,28,0,0,1,0,0,0,0,0,1.0,5.0,112,110,0
77Y1ZPI99RY2W2A,6,0,450,0,1.0,0.0,0.0,0.0,6,20,12,25.6,5,800,0,0,1,0,0,0,0,0,0,0,0,0,1,0,0,4,0,40,0,1,0,0,0,0,0,0,0.0,5.0,20,9,-1
NKX58HUPN6B1PNDA,6,1125,0,0,1.0,0.0,0.0,0.0,1,85,17,86.4,7,1800,0,0,1,0,0,0,0,0,0,0,0,0,1,0,0,18,0,28,0,0,1,0,0,0,0,0,0.0,5.0,48,54,-1
6HEKOP0AYEI5ZR7,0,0,0,0,0.0,0.0,0.0,1.0,1,0,0,0.0,0,0,0,1,0,0,0,0,0,0,0,0,0,0,1,0,0,0,0,0,0,0,0,0,0,0,0,0,0.0,3.0,-1,-1,-1
VWUI5Q4PE7A0YWK,0,0,0,0,0.0,0.0,0.0,1.0,1,0,0,0.0,0,0,0,0,0,0,0,0,0,0,0,0,0,0,0,0,0,0,1,0,0,0,0,0,0,0,0,0,0.0,0.0,-1,-1,-1
XEGD6ELPZU19JJH,0,0,0,1,1.0,0.0,0.0,0.0,1,27,5,12.8,5,400,0,1,0,0,0,0,0,0,0,0,0,0,0,350,17,0,1,0,0,1,0,0,0,0,0,0,1.0,3.0,-1,-1,1
O1HH6T86GLRE2QPB,0,0,0,0,0.0,0.0,0.0,1.0,1,35,0,17.1,5,533,0,0,1,0,0,0,0,0,0,0,0,0,1,0,0,0,0,0,0,1,0,0,0,0,0,0,0.0,4.0,-1,-1,-1
90D5QOT3NBG394U,0,0,0,0,1.0,0.0,0.0,0.0,1,0,3,1.1,1,275,1,0,0,0,0,0,0,0,0,0,0,0,1,0,0,0,0,0,0,0,0,0,0,0,0,0,0.0,0.0,-1,-1,-1
B23K6VUQIW1OPZG9QMMZ2760LPU70KL9S,13,1216,1126,1,1.0,0.0,1.0,0.0,22,165,20,224.4,8,1753,0,0,0,0,0,0,0,1,0,0,0,0,0,500,42,78,5,28,0,0,0,0,0,1,0,0,1.0,5.0,128,156,0
OSTGGBRWIEXL4MUQFCEFVNYJTI7,13,1340,0,1,1.0,2.0,2.0,0.0,2,150,23,0.0,5,2000,0,0,0,0,0,0,0,1,0,0,0,0,0,500,33,43,4,14,0,0,1,0,0,0,0,0,1.0,5.0,72,193,0
BJ5RLZTOXBSTWYT1C0I4I7T6P7B,0,0,0,0,1.0,0.0,0.0,0.0,1,0,4,0.0,5,250,1,0,0,0,0,0,0,0,0,0,0,0,1,0,0,0,0,0,1,0,0,0,0,0,0,0,0.0,2.0,-1,-1,-1
7175GWGMG7NUS06NVUJWRUS7IUUU4S9X,8,0,1000,2,1.0,0.0,1.0,0.0,8,0,12,105.6,7,1100,0,0,0,0,0,0,0,1,0,0,0,0,0,0,0,24,1,40,0,1,0,0,0,0,0,0,1.0,5.0,32,32,0
M59K4LM04CZ289F,0,0,0,0,0.0,0.0,0.0,0.0,1,100,0,0.0,8,1000,0,0,0,0,0,1,0,0,0,0,0,0,1,0,0,0,0,65,0,1,0,0,0,0,0,0,0.0,4.0,-1,-1,-1
B2RE2RDRTKFGN7UHJDJRO145NFD7SP3ZM8QFIZ8,12,955,930,2,1.0,0.0,1.0,0.0,10,146,17,179.2,8,1400,0,0,0,0,0,0,0,1,0,0,0,0,0,500,30,31,5,28,0,0,1,0,0,0,0,0,1.0,5.0,80,76,0
BVFFCOX4HDUJTVJY59DVD6STRNF6A6,12,0,607,2,1.0,0.0,1.0,0.0,10,0,12,102.7,8,802,0,0,0,0,0,0,0,1,0,0,0,0,0,0,0,19,1,40,0,1,0,0,0,0,0,0,1.0,5.0,44,27,0
I07TNTM122QK6Z9DX,12,1244,0,0,1.0,3.0,1.0,0.0,23,120,20,0.0,5,1750,0,0,0,0,0,0,0,1,0,0,0,0,0,450,30,40,2,14,0,0,1,0,0,0,0,0,1.0,5.0,64,159,0
59KXC3V7RQMCHNN,8,775,0,0,1.0,0.0,0.0,0.0,6,50,17,0.0,5,1125,0,0,0,0,0,0,0,1,0,0,0,0,1,0,0,12,0,28,0,1,0,0,0,0,0,0,1.0,5.0,40,31,-1
0F7PA680V2ORHJC3JBM,7,0,725,0,1.0,0.0,0.0,0.0,6,35,17,51.2,5,800,0,0,0,0,0,0,0,1,0,0,0,0,1,0,0,6,0,40,0,1,0,0,0,0,0,0,1.0,5.0,24,17,-1
IRDV4FDLJQV5SBVTOVA5M5GQL03LQ55IB,11,0,820,2,1.0,0.0,1.0,0.0,10,1,12,140.8,8,1100,0,0,0,0,0,0,0,1,0,0,0,0,0,500,25,26,1,40,0,1,0,0,0,0,0,0,1.0,5.0,48,39,0
MTEHBVEG41760U2O9Y4HJON0NF0LFTUJCE8PD9MLO3XPFOPEG1B,16,1582,1480,2,1.0,3.0,1.0,0.0,26,220,25,484.4,10,1376,0,0,0,0,0,0,0,0,1,0,0,0,0,600,42,139,7,16,0,0,0,0,0,0,1,0,1.0,5.0,224,354,0
KU636C9SMIEIY4I7RNZ,12,0,0,2,1.0,0.0,0.0,0.0,2,430,16,0.0,12,1134,0,0,0,0,0,1,0,0,0,0,0,0,0,750,40,35,1,55,0,1,0,0,0,0,0,0,1.0,4.0,80,101,0
9WSABDK0I8P2TPJ,0,0,0,0,0.0,0.0,0.0,1.0,1,0,0,29.9,5,933,0,0,1,0,0,0,0,0,0,0,0,0,0,0,0,0,1,0,0,1,0,0,0,0,0,0,0.0,5.0,-1,-1,0
5WW8SFMSY32IUOY,8,0,738,2,1.0,0.0,0.0,0.0,1,150,12,70.4,8,1100,0,0,0,0,0,1,0,0,0,0,0,0,0,450,32,12,5,55,0,1,0,0,0,0,0,0,1.0,4.0,64,47,0
GUDPGT8QLQ9UYQEY,0,0,0,0,1.0,0.0,0.0,0.0,1,0,0,0.0,0,0,0,0,0,0,0,0,0,0,0,0,0,0,1,0,0,0,0,0,0,1,0,0,0,0,0,0,0.0,5.0,-1,-1,-1
G3L9D6HG,0,0,0,0,1.0,0.0,0.0,0.0,1,0,1,0.0,2,100,1,0,0,0,0,0,0,0,0,0,0,0,0,0,0,0,1,0,0,0,0,0,0,0,0,0,0.0,0.0,-1,-1,0
23CGX1E6QXJ5XIU5YO1IF,0,0,0,0,1.0,0.0,0.0,0.0,1,0,4,0.0,5,250,0,1,0,0,0,0,0,0,0,0,0,0,1,0,0,0,0,0,1,0,0,0,0,0,0,0,0.0,3.0,-1,-1,-1
MG66Z18DX1UZARM,6,0,0,0,0.0,0.0,0.0,1.0,15,20,0,25.6,5,800,0,0,1,0,0,0,0,0,0,0,0,0,1,0,0,4,0,28,0,0,1,0,0,0,0,0,0.0,5.0,24,13,-1
Q26V8DU1KSDCLB,0,0,0,1,1.0,0.0,1.0,0.0,1,69,12,54.4,5,850,0,0,0,0,0,0,0,1,0,0,0,0,0,300,22,4,1,40,0,1,0,0,0,0,0,0,0.0,4.1,32,18,1
N1VFLTQJ9EQCHBG,0,0,0,0,1.0,0.0,0.0,0.0,1,0,3,0.0,1,220,1,0,0,0,0,0,0,0,0,0,0,0,1,0,0,0,0,0,0,0,0,0,0,0,0,0,0.0,0.0,-1,-1,-1
1KFQ3Q4Y084OIDI,0,0,0,0,0.0,0.0,0.0,1.0,1,65,0,29.9,5,933,0,0,1,0,0,0,0,0,0,0,0,0,0,0,0,7,1,28,0,1,0,0,0,0,0,0,0.0,5.0,16,14,0
NB983C51BQXVVKLICUMNS9,0,0,0,1,1.0,0.0,0.0,0.0,1,41,8,12.5,5,390,0,0,0,0,0,1,0,0,0,0,0,0,0,350,18,0,1,0,1,0,0,0,0,0,0,0,1.0,3.0,-1,-1,1
AAHD22G8GR3RF2L,0,0,0,0,0.0,0.0,0.0,1.0,1,0,0,0.0,0,0,0,0,0,0,0,0,0,0,0,0,0,0,0,0,0,0,1,0,0,0,0,0,0,0,0,0,0.0,2.0,-1,-1,0
QG8QQE0B5YGQUG8RMEU,12,950,900,0,1.0,0.0,0.0,0.0,10,100,20,0.0,8,1250,0,0,0,0,0,0,0,1,0,0,0,0,1,0,0,30,0,28,0,0,1,0,0,0,0,0,1.0,5.0,80,76,-1
QC968UUF1OJ304JI98Y,12,0,723,0,1.0,0.0,0.0,0.0,13,125,20,0.0,8,1250,0,0,0,0,0,0,0,1,0,0,0,0,1,0,0,23,0,28,0,0,1,0,0,0,0,0,1.0,5.0,128,93,-1
TJF61BBRC26E8ZDFET1OL82VNVKTSG,0,0,0,0,0.0,0.0,0.0,1.0,1,0,0,25.6,5,800,0,0,1,0,0,0,0,0,0,0,0,0,0,0,0,0,1,22,0,1,0,0,0,0,0,0,0.0,5.0,4,-1,0
M7JLR13YB7DJS3CO7J6BZ7IUAMYUM3UPK49QI,8,0,1000,1,1.0,0.0,1.0,0.0,10,0,12,0.0,5,1125,0,0,0,0,0,0,0,1,0,0,0,0,0,450,0,16,1,28,0,0,1,0,0,0,0,0,1.0,5.0,40,40,0
L49CS232JY6CUZXYY,0,0,0,1,1.0,0.0,0.0,0.0,1,35,4,11.2,8,350,1,0,0,0,0,0,0,0,0,0,0,0,0,0,0,2,1,130,1,0,0,0,0,0,0,0,0.0,2.0,4,2,1
B04XD74W5AXF,0,0,0,0,0.0,0.0,0.0,0.0,1,17,0,0.0,0,0,0,0,0,0,0,0,0,0,0,0,0,0,0,0,0,0,1,0,0,0,0,0,0,0,0,0,0.0,0.0,-1,-1,0
N62KSH1A62S4,0,0,0,2,1.0,0.0,0.0,0.0,1,0,4,0.0,5,500,0,0,0,0,0,1,0,0,0,0,0,0,0,300,0,0,1,0,1,0,0,0,0,0,0,0,0.0,3.0,-1,-1,2
DVTHBOREH75XVJE8XAH19S2EC5UBAA6DN,8,0,0,2,1.0,0.0,1.0,0.0,10,0,17,102.4,5,1600,0,0,0,0,0,0,0,1,0,0,0,0,0,500,0,17,1,28,0,1,0,0,0,0,0,0,1.0,5.0,56,60,0
CQH8RO5MJLSLWK,0,0,0,0,1.0,0.0,0.0,0.0,1,0,4,9.6,5,300,0,1,0,0,0,0,0,0,0,0,0,0,0,300,0,0,1,0,0,1,0,0,0,0,0,0,0.0,3.0,-1,-1,-1
4VD657HH7R2CQ941ICV6WYHLGYQZCNM0,8,1493,1379,1,1.0,1.0,1.0,0.0,15,75,17,112.1,5,1752,0,0,0,0,0,0,0,1,0,0,0,0,0,300,27,48,1,14,0,0,0,0,0,0,1,0,0.0,5.0,40,60,0
0HMGRY3ETUJBL3FN,0,0,0,2,1.0,0.0,0.0,0.0,1,84,8,51.2,8,800,0,0,0,0,0,1,0,0,0,0,0,0,0,400,26,0,1,0,0,1,0,0,0,0,0,0,0.0,3.0,-1,-1,0
ZU1UAY7C8GKMLA,3,0,625,1,1.0,0.0,1.0,0.0,5,18,8,8.5,2,533,0,0,0,0,0,1,0,0,0,0,0,0,0,300,22,3,1,40,0,1,0,0,0,0,0,0,0.0,5.0,8,5,1
YDUMPYJQQUNT9V04OCGKP,8,0,0,2,1.0,0.0,1.0,0.0,1,86,12,73.6,5,1150,0,0,0,0,0,0,0,1,0,0,0,0,0,450,30,11,1,40,0,1,0,0,0,0,0,0,1.0,5.0,36,25,0
HBQJJZNRW7GSWBCNVK,0,0,0,0,1.0,0.0,0.0,0.0,1,0,5,19.2,5,600,0,0,0,0,0,1,0,0,0,0,0,0,1,0,0,0,0,0,0,1,0,0,0,0,0,0,0.0,3.0,-1,-1,-1
8VFBGYZ2ZQ3I67EAAE8A,0,0,0,0,1.0,0.0,0.0,0.0,1,0,4,11.2,5,350,0,1,0,0,0,0,0,0,0,0,0,0,1,0,0,0,0,0,1,0,0,0,0,0,0,0,0.0,2.0,-1,-1,-1
DVGN6ET2V4YURV13ZU,0,0,0,1,1.0,0.0,0.0,0.0,1,0,4,3.2,5,200,1,0,0,0,0,0,0,0,0,0,0,0,0,0,0,0,1,0,1,0,0,0,0,0,0,0,0.0,2.0,-1,-1,1
DXRJRUHFY6APRF4NBPTZ1,3,0,0,1,1.0,0.0,0.0,0.0,1,74,5,15.2,8,475,1,0,0,0,0,0,0,0,0,0,0,0,0,0,0,2,1,130,1,0,0,0,0,0,0,0,0.0,2.0,4,2,1
KRJ4D9KS7F46QGFLC3,0,0,0,0,1.0,0.0,0.0,0.0,1,20,8,0.0,8,500,0,0,0,0,0,1,0,0,0,0,0,0,1,0,0,0,0,0,0,1,0,0,0,0,0,0,1.0,3.0,-1,-1,-1
GS3404IPU8PNNE0QW5,0,0,0,0,0.0,0.0,0.0,1.0,1,0,0,0.0,1,0,0,0,0,0,0,1,0,0,0,0,0,0,0,0,0,2,1,55,0,0,0,0,0,0,0,0,0.0,4.1,4,2,0
O0X2CI2245KEGYE9WUMWJ2GSV1X7FWRC51YIM,8,0,800,1,1.0,0.0,1.0,0.0,10,0,12,0.0,5,1125,0,0,0,0,0,0,0,1,0,0,0,0,0,400,0,13,1,28,0,0,1,0,0,0,0,0,1.0,5.0,32,26,0
IXHYZ9HBMLLBE49EFQ8PHP4QIH2DH0B19E58,14,0,782,2,1.0,0.0,1.0,0.0,14,499,19,384.8,11,1002,0,0,0,0,0,0,0,1,0,0,0,0,0,700,46,75,1,40,0,1,0,0,0,0,0,0,1.0,5.0,64,100,0
12RGH1JLUT8E64,0,0,0,0,1.0,0.0,0.0,0.0,1,14,8,0.0,2,500,0,1,0,0,0,0,0,0,0,0,0,0,1,0,0,3,0,65,0,1,0,0,0,0,0,0,0.0,4.0,8,5,-1
Q0W2SM59ZLY5NXJN63H1V7ZRW1238B8F,12,0,940,2,1.0,0.0,1.0,0.0,10,250,17,0.0,8,1375,0,0,0,0,0,0,0,1,0,0,0,0,0,550,34,30,1,40,0,1,0,0,0,0,0,0,1.0,5.0,96,90,0
DKYVFADSPE71H6Z9R,8,1200,1090,1,0.0,1.0,1.0,0.0,15,75,0,0.0,0,1750,0,0,0,0,0,0,0,0,0,0,0,0,0,350,23,19,1,14,0,0,0,0,1,0,0,0,1.0,0.0,56,67,0
I9QG5ELO3UVFKKHJJOPUOGDHCJBNL2BUZ9NIZ,8,1100,1050,1,1.0,0.0,1.0,0.0,10,65,17,73.6,5,1150,0,0,0,0,0,0,0,1,0,0,0,0,0,400,18,9,1,28,0,1,0,0,0,0,0,0,1.0,5.0,24,26,1
I06C0JB3C1JW76R71MJOP02UJ13HZK2A,3,0,540,1,1.0,0.0,0.0,0.0,1,0,12,12.8,5,400,0,0,0,0,0,1,0,0,0,0,0,0,0,0,0,4,1,80,0,1,0,0,0,0,0,0,1.0,4.0,16,9,0
NX81GJDCPYTR1GLMNZDI10UW4ZF9R018QF4W,12,0,765,2,1.0,0.0,1.0,0.0,10,151,12,0.0,8,1125,0,0,0,0,0,0,0,1,0,0,0,0,0,500,40,24,5,40,0,1,0,0,0,0,0,0,1.0,5.0,72,55,0
XP3SMGWQP82RY76PZ1IWHC2J8GNI2N6UTVF5,12,980,915,2,1.0,0.0,1.0,0.0,10,170,17,192.3,8,1502,0,0,0,0,0,0,0,1,0,0,0,0,0,500,30,31,5,28,0,0,1,0,0,0,0,0,1.0,5.0,112,110,0
0OEMWUG9LKL5F3,0,0,0,0,0.0,0.0,0.0,1.0,1,15,0,25.6,5,800,0,0,1,0,0,0,0,0,0,0,0,0,1,0,0,2,0,28,0,0,0,0,0,0,0,0,0.0,5.0,8,4,-1
JZ2T5BXXIL9N,0,0,0,0,1.0,0.0,0.0,0.0,1,0,2,2.3,5,143,1,0,0,0,0,0,0,0,0,0,0,0,0,0,0,0,1,0,0,0,0,0,0,0,0,0,0.0,0.0,-1,-1,0
Z1YA9FXM5KK3UHZ8UW,3,0,0,2,1.0,0.0,0.0,0.0,1,35,5,0.0,5,500,0,1,0,0,0,0,0,0,0,0,0,0,0,400,20,2,1,65,0,1,0,0,0,0,0,0,1.0,4.0,8,5,0
KB56QU9KSPP81HYLGXU,0,0,0,0,1.0,0.0,0.0,0.0,1,65,8,35.2,8,550,0,0,0,0,0,1,0,0,0,0,0,0,1,0,0,0,0,0,0,1,0,0,0,0,0,0,1.0,3.0,-1,-1,-1
ZUJSC2GP1FB83QJ0QR3,0,0,0,1,1.0,0.0,1.0,0.0,1,50,12,12.8,5,400,0,1,0,0,0,0,0,0,0,0,0,0,0,300,18,0,1,65,0,1,0,0,0,0,0,0,1.0,4.0,-1,-1,0
R63VF4TX66GAG4EZOL9LQ,0,0,0,0,0.0,0.0,0.0,1.0,1,0,0,17.1,5,533,0,0,1,0,0,0,0,0,0,0,0,0,0,0,0,0,1,0,0,0,0,0,0,0,0,0,0.0,4.1,-1,-1,0
SX9SKUEBF23VKRMOPA,8,1085,1020,2,1.0,0.0,1.0,0.0,22,60,17,86.4,5,1350,0,0,0,0,0,0,0,1,0,0,0,0,0,300,18,17,1,28,0,0,1,0,0,0,0,0,0.0,5.0,40,43,0
7OTTKDXQ3SDCY65,0,0,0,2,1.0,0.0,0.0,0.0,1,0,8,0.0,2,500,0,1,0,0,0,0,0,0,0,0,0,0,0,300,18,2,1,65,0,1,0,0,0,0,0,0,1.0,3.0,8,4,0
F158F1YF16LGO9D3C,3,0,600,1,1.0,1.0,1.0,0.0,1,25,8,12.8,2,800,0,0,0,0,0,1,0,0,0,0,0,0,0,300,20,2,1,55,0,1,0,0,0,0,0,0,0.0,4.1,8,5,0
V8MD2FM2ZO6LZMZ,6,0,0,0,0.0,0.0,0.0,1.0,1,65,0,29.9,5,933,0,0,1,0,0,0,0,0,0,0,0,0,0,300,18,6,1,28,0,0,1,0,0,0,0,0,0.0,5.0,16,12,0
7C986JYJCKOYBDBGPJP3LFISEXLM7WFSHJDHHADZKRG03GU,8,0,800,1,1.0,0.0,1.0,0.0,10,55,12,0.0,5,1125,0,0,0,0,0,0,0,1,0,0,0,0,0,400,29,13,1,28,0,0,1,0,0,0,0,0,1.0,5.0,32,26,1
QMM5BC7NYA1TBWU3NJ238,0,0,0,1,1.0,0.0,0.0,0.0,1,59,5,13.6,8,425,1,0,0,0,0,0,0,0,0,0,0,0,0,0,0,2,1,130,1,0,0,0,0,0,0,0,0.0,2.0,4,2,1
OXNMQF6XXQVVCAI8ILGB,12,1097,1029,0,1.0,0.0,0.0,0.0,22,50,20,0.0,5,1250,0,0,0,0,0,0,0,1,0,0,0,0,1,0,0,18,0,28,0,0,1,0,0,0,0,0,0.0,5.0,40,44,-1
6UVUCBAKJ6Q9FA,0,0,0,2,1.0,0.0,0.0,0.0,1,18,8,12.6,2,790,0,0,1,0,0,0,0,0,0,0,0,0,0,350,0,0,1,40,0,1,0,0,0,0,0,0,0.0,4.1,-1,-1,2
L9N1COV7R37Q388784Z,12,0,0,4,1.0,0.0,0.0,0.0,2,408,17,0.0,13,1242,0,0,0,0,0,1,0,0,0,0,0,0,0,750,55,41,1,55,0,1,0,0,0,0,0,0,1.0,4.0,80,104,0
NF3XAAHE8VGPC82,3,0,0,1,1.0,0.0,0.0,0.0,1,47,5,12.8,5,400,0,1,0,0,0,0,0,0,0,0,0,0,0,350,24,4,1,80,0,1,0,0,0,0,0,0,1.0,4.0,8,4,1
NB16UWCOG6NGJRXEAHE,0,0,0,2,1.0,0.0,0.0,0.0,1,0,5,0.0,8,1000,0,0,0,0,0,1,0,0,0,0,0,0,0,420,20,0,1,0,0,1,0,0,0,0,0,0,1.0,3.0,-1,-1,0
OKVNX9GFIZUCV,0,0,0,0,1.0,0.0,0.0,0.0,1,0,2,2.7,5,166,1,0,0,0,0,0,0,0,0,0,0,0,0,0,0,0,1,0,0,0,0,0,0,0,0,0,0.0,0.0,-1,-1,0
A2HZ7YHNTLE0QDG3MG5BR,0,0,0,0,0.0,0.0,0.0,1.0,1,0,0,10.6,5,330,0,0,0,0,0,1,0,0,0,0,0,0,1,0,0,0,0,0,1,0,0,0,0,0,0,0,0.0,3.0,-1,-1,-1
9FIEM2U8IIQFOLEDRUKIEW,0,0,0,0,1.0,0.0,0.0,0.0,1,20,8,22.4,5,700,0,0,0,0,0,1,0,0,0,0,0,0,1,0,0,0,0,80,0,1,0,0,0,0,0,0,1.0,4.0,-1,-1,-1
QB3BSYENWQWSBX0SC2QYE,0,0,0,0,1.0,0.0,0.0,0.0,1,0,5,0.0,8,500,0,0,0,0,0,1,0,0,0,0,0,0,1,0,0,0,0,0,1,0,0,0,0,0,0,0,0.0,3.0,-1,-1,-1
ZVVJUBHE2KB6HG,0,0,0,0,1.0,0.0,0.0,0.0,1,59,10,38.4,7,800,0,0,0,0,0,1,0,0,0,0,0,0,0,450,0,0,1,0,0,1,0,0,0,0,0,0,0.0,4.0,-1,-1,1
FPIKF1OMJCA3CF0,6,0,0,0,0.0,0.0,0.0,1.0,1,65,0,34.1,5,1067,0,0,1,0,0,0,0,0,0,0,0,0,0,300,22,6,1,28,0,0,1,0,0,0,0,0,0.0,5.0,32,24,0
SR47PAF9K0HFKZ9U,0,0,0,0,1.0,0.0,0.0,0.0,1,0,4,1.8,2,222,1,0,0,0,0,0,0,0,0,0,0,0,0,0,0,0,1,0,0,0,0,0,0,0,0,0,0.0,1.3,-1,-1,0
V2478TFKJYRB2BCXJYO0,8,0,575,2,1.0,0.0,0.0,0.0,1,95,8,57.6,8,900,0,0,0,0,0,1,0,0,0,0,0,0,0,450,33,9,2,55,0,1,0,0,0,0,0,0,1.0,4.1,32,18,0
A8MDZ26F58O1935WO4CKSVP9YWF01O0R1GZ,12,0,800,2,1.0,0.0,1.0,0.0,10,200,17,0.0,8,1250,0,0,0,0,0,0,0,1,0,0,0,0,0,500,30,26,1,40,0,1,0,0,0,0,0,0,1.0,5.0,88,70,0
TWQEDZEYC2G,0,0,0,0,0.0,0.0,0.0,1.0,1,0,0,10.7,2,667,0,0,1,0,0,0,0,0,0,0,0,0,1,0,0,0,0,0,0,1,0,0,0,0,0,0,0.0,0.0,-1,-1,-1
NWBFJQ60KW7ED39,0,0,0,2,1.0,0.0,0.0,0.0,1,0,4,12.8,5,400,0,1,0,0,0,0,0,0,0,0,0,0,0,0,0,0,1,0,0,0,0,0,0,0,0,0,0.0,2.0,-1,-1,0
4XNTK981BPTU4C,0,0,0,0,0.0,0.0,0.0,1.0,1,0,0,6.4,2,400,0,1,0,0,0,0,0,0,0,0,0,0,0,0,0,0,1,0,0,0,0,0,0,0,0,0,0.0,3.0,-1,-1,1
T3UN6IX4HZD3WX8,0,0,0,1,1.0,0.0,0.0,0.0,1,23,5,5.3,2,333,0,1,0,0,0,0,0,0,0,0,0,0,0,350,18,0,1,0,0,1,0,0,0,0,0,0,1.0,3.0,-1,-1,1
LAU0WJD3PG6W,2,0,0,0,0.0,0.0,1.0,1.0,1,0,0,0.0,0,800,0,1,0,0,0,0,0,0,0,0,0,0,0,0,0,2,1,80,0,0,0,0,0,0,0,1,1.0,4.0,8,4,1
